[
    {
        "name": "_id",
        "type": "STRING"
    },
    {
        "name": "currentOwner",
        "type": "STRING"
    },
    {
        "name": "data",
        "fields": [
            {
                "name": "attributes",
                "type": "STRING"
            },
            {
                "name": "creator",
                "type": "STRING"
            },
            {
                "name": "hash",
                "type": "STRING"
            },
            {
                "name": "metadata",
                "type": "STRING"
            },
            {
                "name": "name",
                "type": "STRING"
            },
            {
                "name": "nonEmptyURIs",
                "type": "BOOLEAN"
            },
            {
                "name": "royalties",
                "type": "NUMERIC"
            },
            {
                "name": "tags",
                "mode": "REPEATED",
                "type": "STRING"
            },
            {
                "name": "uris",
                "mode": "REPEATED",
                "type": "STRING"
            },
            {
                "name": "whiteListedStorage",
                "type": "BOOLEAN"
            }
        ],
        "type": "RECORD"
    },
    {
        "name": "identifier",
        "type": "STRING"
    },
    {
        "name": "issuer",
        "type": "STRING"
    },
    {
        "name": "name",
        "type": "STRING"
    },
    {
        "name": "nonce",
        "type": "FLOAT64"
    },
    {
        "name": "numDecimals",
        "type": "NUMERIC"
    },
    {
        "name": "ownersHistory",
        "mode": "REPEATED",
        "fields": [
            {
                "name": "address",
                "type": "STRING"
            },
            {
                "name": "timestamp",
                "type": "TIMESTAMP"
            }
        ],
        "type": "RECORD"
    },
    {
        "name": "properties",
        "fields": [
            {
                "name": "canAddSpecialRoles",
                "type": "BOOLEAN"
            },
            {
                "name": "canBurn",
                "type": "BOOLEAN"
            },
            {
                "name": "canChangeOwner",
                "type": "BOOLEAN"
            },
            {
                "name": "canCreateMultiShard",
                "type": "BOOLEAN"
            },
            {
                "name": "canFreeze",
                "type": "BOOLEAN"
            },
            {
                "name": "canMint",
                "type": "BOOLEAN"
            },
            {
                "name": "canPause",
                "type": "BOOLEAN"
            },
            {
                "name": "canTransferNFTCreateRole",
                "type": "BOOLEAN"
            },
            {
                "name": "canUpgrade",
                "type": "BOOLEAN"
            },
            {
                "name": "canWipe",
                "type": "BOOLEAN"
            }
        ],
        "type": "RECORD"
    },
    {
        "name": "roles",
        "fields": [
            {
                "name": "ESDTRoleLocalBurn",
                "mode": "REPEATED",
                "type": "STRING"
            },
            {
                "name": "ESDTRoleLocalMint",
                "mode": "REPEATED",
                "type": "STRING"
            },
            {
                "name": "ESDTRoleNFTAddQuantity",
                "mode": "REPEATED",
                "type": "STRING"
            },
            {
                "name": "ESDTRoleNFTAddURI",
                "mode": "REPEATED",
                "type": "STRING"
            },
            {
                "name": "ESDTRoleNFTBurn",
                "mode": "REPEATED",
                "type": "STRING"
            },
            {
                "name": "ESDTRoleNFTCreate",
                "mode": "REPEATED",
                "type": "STRING"
            },
            {
                "name": "ESDTRoleNFTUpdateAttributes",
                "mode": "REPEATED",
                "type": "STRING"
            },
            {
                "name": "ESDTTransferRole",
                "mode": "REPEATED",
                "type": "STRING"
            },
            {
                "name": "ESDTRoleNFTCreateMultiShard",
                "mode": "REPEATED",
                "type": "STRING"
            }
        ],
        "type": "RECORD"
    },
    {
        "name": "ticker",
        "type": "STRING"
    },
    {
        "name": "timestamp",
        "type": "TIMESTAMP"
    },
    {
        "name": "token",
        "type": "STRING"
    },
    {
        "name": "type",
        "type": "STRING"
    },
    {
        "name": "frozen",
        "type": "BOOLEAN"
    },
    {
        "name": "paused",
        "type": "BOOLEAN"
    },
    {
        "name": "api_isVerified",
        "type": "BOOLEAN"
    },
    {
        "name": "api_nftCount",
        "type": "NUMERIC"
    },
    {
        "name": "api_holderCount",
        "type": "NUMERIC"
    },
    {
        "name": "nft_traitValues",
        "type": "STRING"
    },
    {
        "name": "nft_scamInfoType",
        "type": "STRING"
    },
    {
        "name": "nft_scamInfoDescription",
        "type": "STRING"
    },
    {
        "name": "nft_hasRarity",
        "type": "BOOLEAN"
    },
    {
        "name": "nft_nsfw_mark",
        "type": "FLOAT64"
    },
    {
        "name": "nft_rank_custom",
        "type": "NUMERIC"
    },
    {
        "name": "nft_custom_ranks_hash",
        "type": "STRING"
    },
    {
        "name": "nft_score_openRarity",
        "type": "FLOAT64"
    },
    {
        "name": "nft_rank_openRarity",
        "type": "NUMERIC"
    },
    {
        "name": "nft_score_jaccardDistances",
        "type": "FLOAT64"
    },
    {
        "name": "nft_rank_jaccardDistances",
        "type": "NUMERIC"
    },
    {
        "name": "nft_score_trait",
        "type": "FLOAT64"
    },
    {
        "name": "nft_rank_trait",
        "type": "NUMERIC"
    },
    {
        "name": "nft_score_statistical",
        "type": "FLOAT64"
    },
    {
        "name": "nft_rank_statistical",
        "type": "NUMERIC"
    },
    {
        "name": "nft_hasRarities",
        "type": "BOOLEAN"
    },
    {
        "name": "nft_hasTraitSummary",
        "type": "BOOLEAN"
    }
]
