[
    {
        "name": "_id",
        "type": "STRING",
        "description": "A unique identifier (opaque)."
    },
    {
        "name": "address",
        "type": "STRING",
        "description": "The address in bech32 encoding."
    },
    {
        "name": "balance",
        "type": "STRING",
        "description": "The ESDT balance, in atomic units."
    },
    {
        "name": "balanceNum",
        "type": "FLOAT",
        "description": "See `balance`."
    },
    {
        "name": "currentOwner",
        "type": "STRING",
        "description": ""
    },
    {
        "name": "data",
        "fields": [
            {
                "name": "attributes",
                "type": "STRING",
                "description": "The attributes of the token."
            },
            {
                "name": "creator",
                "type": "STRING",
                "description": "The creator of the token (address)."
            },
            {
                "name": "hash",
                "type": "STRING",
                "description": "Arbitrary field that should contain the hash of the NFT metadata."
            },
            {
                "name": "metadata",
                "type": "STRING",
                "description": "Token metadata."
            },
            {
                "name": "name",
                "type": "STRING",
                "description": "Token name."
            },
            {
                "name": "nonEmptyURIs",
                "type": "BOOLEAN",
                "description": "Whether the token has non empty uris."
            },
            {
                "name": "whiteListedStorage",
                "type": "BOOLEAN",
                "description": "Whether the token has whitelisted storage. An NFT/SFT has whitelisted storage if the URI belongs to one of the allowed decentralized storage services, such as IPFS or Pinata."
            },
            {
                "name": "royalties",
                "type": "NUMERIC",
                "description": "NFT royalties. Numeric value between 0 and 10000 (0 meaning 0% and 10000 meaning 100%)."
            },
            {
                "name": "tags",
                "mode": "REPEATED",
                "type": "STRING",
                "description": ""
            },
            {
                "name": "uris",
                "mode": "REPEATED",
                "type": "STRING",
                "description": "A list of URIs."
            }
        ],
        "type": "RECORD",
        "description": "A structure that contains additional information about a token."
    },
    {
        "name": "identifier",
        "type": "STRING",
        "description": "The extended identifier. E.g. `TOKEN-01abdc-01`."
    },
    {
        "name": "properties",
        "type": "STRING",
        "description": ""
    },
    {
        "name": "shardID",
        "type": "NUMERIC",
        "description": "Shard of the account."
    },
    {
        "name": "timestamp",
        "type": "TIMESTAMP",
        "description": "The timestamp when the address balance was changed."
    },
    {
        "name": "token",
        "type": "STRING",
        "description": "The name of the token."
    },
    {
        "name": "tokenNonce",
        "type": "FLOAT",
        "description": "The sequence number of the token. This field is empty in the case of `FungibleESDT`."
    },
    {
        "name": "type",
        "type": "STRING",
        "description": "The type of the ESDT token. It can be `FungibleESDT`, `NonFungibleESDT`, `SemiFungibleESDT`, or `MetaESDT`."
    },
    {
        "name": "frozen",
        "type": "BOOLEAN",
        "description": "Whether the tokens in question are 'frozen' for this account."
    },
    {
        "name": "paused",
        "type": "BOOLEAN",
        "description": "Whether the token (collection) is 'paused'."
    }
]
