[
    {
        "name": "_id",
        "type": "STRING"
    },
    {
        "name": "currentOwner",
        "type": "STRING",
        "description": ""
    },
    {
        "name": "issuer",
        "type": "STRING",
        "description": ""
    },
    {
        "name": "name",
        "type": "STRING",
        "description": ""
    },
    {
        "name": "numDecimals",
        "type": "NUMERIC",
        "description": ""
    },
    {
        "name": "ownersHistory",
        "fields": [
            {
                "name": "address",
                "type": "STRING",
                "description": ""
            },
            {
                "name": "timestamp",
                "type": "TIMESTAMP",
                "description": ""
            }
        ],
        "type": "RECORD",
        "description": ""
    },
    {
        "name": "properties",
        "fields": [
            {
                "name": "canAddSpecialRoles",
                "type": "BOOLEAN",
                "description": ""
            },
            {
                "name": "canBurn",
                "type": "BOOLEAN",
                "description": ""
            },
            {
                "name": "canChangeOwner",
                "type": "BOOLEAN",
                "description": ""
            },
            {
                "name": "canCreateMultiShard",
                "type": "BOOLEAN",
                "description": ""
            },
            {
                "name": "canFreeze",
                "type": "BOOLEAN",
                "description": ""
            },
            {
                "name": "canMint",
                "type": "BOOLEAN",
                "description": ""
            },
            {
                "name": "canPause",
                "type": "BOOLEAN",
                "description": ""
            },
            {
                "name": "canTransferNFTCreateRole",
                "type": "BOOLEAN",
                "description": ""
            },
            {
                "name": "canUpgrade",
                "type": "BOOLEAN",
                "description": ""
            },
            {
                "name": "canWipe",
                "type": "BOOLEAN",
                "description": ""
            }
        ],
        "type": "RECORD",
        "description": ""
    },
    {
        "name": "roles",
        "fields": [
            {
                "name": "ESDTRoleLocalBurn",
                "type": "STRING",
                "description": ""
            },
            {
                "name": "ESDTRoleLocalMint",
                "type": "STRING",
                "description": ""
            },
            {
                "name": "ESDTRoleNFTAddQuantity",
                "type": "STRING",
                "description": ""
            },
            {
                "name": "ESDTRoleNFTAddURI",
                "type": "STRING",
                "description": ""
            },
            {
                "name": "ESDTRoleNFTBurn",
                "type": "STRING",
                "description": ""
            },
            {
                "name": "ESDTRoleNFTCreate",
                "type": "STRING",
                "description": ""
            },
            {
                "name": "ESDTRoleNFTUpdateAttributes",
                "type": "STRING",
                "description": ""
            },
            {
                "name": "ESDTTransferRole",
                "type": "STRING",
                "description": ""
            }
        ],
        "type": "RECORD",
        "description": ""
    },
    {
        "name": "ticker",
        "type": "STRING",
        "description": ""
    },
    {
        "name": "timestamp",
        "type": "TIMESTAMP",
        "description": ""
    },
    {
        "name": "token",
        "type": "STRING",
        "description": ""
    },
    {
        "name": "type",
        "type": "STRING",
        "description": ""
    }
]
