[
    {
        "name": "_id",
        "type": "STRING",
        "description": "The transaction or smart contract result hash."
    },
    {
        "name": "callType",
        "type": "STRING",
        "description": "Call type (for smart contract results)."
    },
    {
        "name": "canBeIgnored",
        "type": "BOOLEAN",
        "description": ""
    },
    {
        "name": "code",
        "type": "STRING",
        "description": "The contract code (for smart contract deployments and upgrades)."
    },
    {
        "name": "data",
        "type": "STRING",
        "description": "Additional information for a transaction. It can contain a simple message, a function call, an ESDT transfer payload, and so on."
    },
    {
        "name": "esdtValues",
        "mode": "REPEATED",
        "type": "STRING",
        "description": "A list of ESDT values that are transferred. Values are expressed in atomic units."
    },
    {
        "name": "fee",
        "type": "STRING",
        "description": "The amount of EGLD the sender paid for the transaction, expressed in atomic units."
    },
    {
        "name": "feeNum",
        "type": "FLOAT",
        "description": "See `fee` field."
    },
    {
        "name": "function",
        "type": "STRING",
        "description": "The name of the function that is called in case of a smart contract call."
    },
    {
        "name": "gasLimit",
        "type": "FLOAT",
        "description": "The maximum gas units the sender is willing to pay for."
    },
    {
        "name": "gasPrice",
        "type": "FLOAT",
        "description": "The amount to be paid for each gas unit."
    },
    {
        "name": "gasUsed",
        "type": "FLOAT",
        "description": "The amount of gas used by the transaction."
    },
    {
        "name": "hasOperations",
        "type": "BOOLEAN",
        "description": "Whether the transaction has smart contract results."
    },
    {
        "name": "hasScResults",
        "type": "BOOLEAN",
        "description": "Whether the transaction has smart contract results."
    },
    {
        "name": "hasLogs",
        "type": "BOOLEAN",
        "description": "Whether the transaction has event logs."
    },
    {
        "name": "initialPaidFee",
        "type": "STRING",
        "description": "The initial amount of EGLD the sender paid for the transaction, before the refund."
    },
    {
        "name": "isRelayed",
        "type": "BOOLEAN",
        "description": "Whether the transaction is a relayed transaction."
    },
    {
        "name": "isScCall",
        "type": "BOOLEAN",
        "description": "Whether the transaction is a smart contract call."
    },
    {
        "name": "miniBlockHash",
        "type": "STRING",
        "description": "The hash of the miniblock in which the transaction was included."
    },
    {
        "name": "nonce",
        "type": "NUMERIC",
        "description": "The transaction sequence number of the sender."
    },
    {
        "name": "operation",
        "type": "STRING",
        "description": "The operation of the transaction, given the data field."
    },
    {
        "name": "originalSender",
        "type": "STRING",
        "description": "The sender of the original transaction."
    },
    {
        "name": "originalTxHash",
        "type": "STRING",
        "description": "The hash of the original transaction."
    },
    {
        "name": "prevTxHash",
        "type": "STRING",
        "description": "The hash of the previous transaction (for smart contract results)."
    },
    {
        "name": "receiver",
        "type": "STRING",
        "description": "The receiver address."
    },
    {
        "name": "receiverShard",
        "type": "NUMERIC",
        "description": "The shard of the receiver address."
    },
    {
        "name": "receivers",
        "mode": "REPEATED",
        "type": "STRING",
        "description": "A list of receiver addresses (one element for now)."
    },
    {
        "name": "receiversShardIDs",
        "mode": "REPEATED",
        "type": "NUMERIC",
        "description": "A list of receiver addresses shard IDs (one element for now)."
    },
    {
        "name": "receiverUserName",
        "type": "STRING",
        "description": "The username of the receiver address."
    },
    {
        "name": "relayedValue",
        "type": "STRING",
        "description": ""
    },
    {
        "name": "relayerAddr",
        "type": "STRING",
        "description": "The address of the relayer."
    },
    {
        "name": "returnMessage",
        "type": "STRING",
        "description": "The return message (for smart contract calls)."
    },
    {
        "name": "round",
        "type": "NUMERIC",
        "description": "The round of the block when the transaction was executed."
    },
    {
        "name": "searchOrder",
        "type": "NUMERIC",
        "description": ""
    },
    {
        "name": "sender",
        "type": "STRING",
        "description": "The address of the transaction sender."
    },
    {
        "name": "senderShard",
        "type": "NUMERIC",
        "description": "The shard of the sender address."
    },
    {
        "name": "senderUserName",
        "type": "STRING",
        "description": "The username of the sender address."
    },
    {
        "name": "signature",
        "type": "STRING",
        "description": "The signature of the transaction, hex-encoded."
    },
    {
        "name": "status",
        "type": "STRING",
        "description": "The status of the transaction."
    },
    {
        "name": "timestamp",
        "type": "TIMESTAMP",
        "description": "The timestamp of the block in which the transaction was executed."
    },
    {
        "name": "tokens",
        "mode": "REPEATED",
        "type": "STRING",
        "description": "A list of ESDT tokens that are transferred by the transaction."
    },
    {
        "name": "type",
        "type": "STRING",
        "description": "The operation type: `normal` in case of a user-signed transaction and `unsigned` in case of a smart contract result."
    },
    {
        "name": "value",
        "type": "STRING",
        "description": "The amount of EGLD transferred, in atomic units. E.g. '1500000000000000000' means 1.5 EGLD."
    },
    {
        "name": "version",
        "type": "NUMERIC",
        "description": "The version (for `normal` transactions)."
    },
    {
        "name": "valueNum",
        "type": "FLOAT",
        "description": "See `value` field. This value is expressed in EGLD."
    },
    {
        "name": "esdtValuesNum",
        "mode": "REPEATED",
        "type": "FLOAT",
        "description": "See `esdtValues` field."
    },
    {
        "name": "guardian",
        "type": "STRING",
        "description": "The guardian address, if the sender has a guardian."
    },
    {
        "name": "guardianSignature",
        "type": "STRING",
        "description": "The signature of the guardian."
    },
    {
        "name": "errorEvent",
        "type": "BOOLEAN",
        "description": "Whether the transaction has an event that indicates an error."
    },
    {
        "name": "completedEvent",
        "type": "BOOLEAN",
        "description": "Whether the transaction has an event that indicates completion."
    },
    {
        "name": "relayer",
        "type": "STRING",
        "description": "The address of the relayer."
    },
    {
        "name": "relayerSignature",
        "type": "STRING",
        "description": "The signature of the relayer."
    },
    {
        "name": "hadRefund",
        "type": "BOOLEAN",
        "description": "Whether the transaction has a refund."
    },
    {
        "name": "epoch",
        "type": "NUMERIC",
        "description": "The epoch the operation belongs to."
    },
    {
        "name": "uuid",
        "type": "STRING",
        "description": "Unique identifier used for ES queries."
    }
]
