[
    {
        "name": "_id",
        "type": "STRING",
        "description": "The token identifier."
    },
    {
        "name": "currentOwner",
        "type": "STRING",
        "description": "The address in a bech32 format of the current owner of the token."
    },
    {
        "name": "data",
        "fields": [
            {
                "name": "attributes",
                "type": "STRING",
                "description": "The attributes of the token."
            },
            {
                "name": "creator",
                "type": "STRING",
                "description": "The creator of the token (address)."
            },
            {
                "name": "hash",
                "type": "STRING",
                "description": "Arbitrary field that should contain the hash of the NFT metadata."
            },
            {
                "name": "metadata",
                "type": "STRING",
                "description": "Token metadata."
            },
            {
                "name": "name",
                "type": "STRING",
                "description": "Token name."
            },
            {
                "name": "nonEmptyURIs",
                "type": "BOOLEAN",
                "description": "Whether the token has non empty uris."
            },
            {
                "name": "royalties",
                "type": "NUMERIC",
                "description": "NFT royalties. Numeric value between 0 and 10000 (0 meaning 0% and 10000 meaning 100%)."
            },
            {
                "name": "tags",
                "mode": "REPEATED",
                "type": "STRING",
                "description": ""
            },
            {
                "name": "uris",
                "mode": "REPEATED",
                "type": "STRING",
                "description": "A list of URIs."
            },
            {
                "name": "whiteListedStorage",
                "type": "BOOLEAN",
                "description": "Whether the token has whitelisted storage. An NFT/SFT has whitelisted storage if the URI belongs to one of the allowed decentralized storage services, such as IPFS or Pinata."
            }
        ],
        "type": "RECORD",
        "description": "A structure that contains additional information about a token."
    },
    {
        "name": "identifier",
        "type": "STRING",
        "description": "The extended identifier. E.g. `TOKEN-01abdc-01`."
    },
    {
        "name": "issuer",
        "type": "STRING",
        "description": "The issuer of the token (address)."
    },
    {
        "name": "name",
        "type": "STRING",
        "description": "The name of the token. It contains alphanumeric characters only."
    },
    {
        "name": "nonce",
        "type": "FLOAT",
        "description": "The sequence number of the token. This field is empty in the case of `FungibleESDT`."
    },
    {
        "name": "numDecimals",
        "type": "NUMERIC",
        "description": "The number of decimals."
    },
    {
        "name": "ownersHistory",
        "mode": "REPEATED",
        "fields": [
            {
                "name": "address",
                "type": "STRING",
                "description": "Address of (historical) owner."
            },
            {
                "name": "timestamp",
                "type": "TIMESTAMP",
                "description": ""
            }
        ],
        "type": "RECORD",
        "description": "A list of all the owners of a token."
    },
    {
        "name": "properties",
        "fields": [
            {
                "name": "canAddSpecialRoles",
                "type": "BOOLEAN",
                "description": ""
            },
            {
                "name": "canBurn",
                "type": "BOOLEAN",
                "description": ""
            },
            {
                "name": "canChangeOwner",
                "type": "BOOLEAN",
                "description": ""
            },
            {
                "name": "canCreateMultiShard",
                "type": "BOOLEAN",
                "description": ""
            },
            {
                "name": "canFreeze",
                "type": "BOOLEAN",
                "description": ""
            },
            {
                "name": "canMint",
                "type": "BOOLEAN",
                "description": ""
            },
            {
                "name": "canPause",
                "type": "BOOLEAN",
                "description": ""
            },
            {
                "name": "canTransferNFTCreateRole",
                "type": "BOOLEAN",
                "description": ""
            },
            {
                "name": "canUpgrade",
                "type": "BOOLEAN",
                "description": ""
            },
            {
                "name": "canWipe",
                "type": "BOOLEAN",
                "description": ""
            }
        ],
        "type": "RECORD",
        "description": ""
    },
    {
        "name": "roles",
        "fields": [
            {
                "name": "ESDTRoleLocalBurn",
                "mode": "REPEATED",
                "type": "STRING",
                "description": "List of addresses with the role in question (see name of column)."
            },
            {
                "name": "ESDTRoleLocalMint",
                "mode": "REPEATED",
                "type": "STRING",
                "description": "List of addresses with the role in question (see name of column)."
            },
            {
                "name": "ESDTRoleNFTAddQuantity",
                "mode": "REPEATED",
                "type": "STRING",
                "description": "List of addresses with the role in question (see name of column)."
            },
            {
                "name": "ESDTRoleNFTAddURI",
                "mode": "REPEATED",
                "type": "STRING",
                "description": "List of addresses with the role in question (see name of column)."
            },
            {
                "name": "ESDTRoleNFTBurn",
                "mode": "REPEATED",
                "type": "STRING",
                "description": "List of addresses with the role in question (see name of column)."
            },
            {
                "name": "ESDTRoleNFTCreate",
                "mode": "REPEATED",
                "type": "STRING",
                "description": "List of addresses with the role in question (see name of column)."
            },
            {
                "name": "ESDTRoleNFTUpdateAttributes",
                "mode": "REPEATED",
                "type": "STRING",
                "description": "List of addresses with the role in question (see name of column)."
            },
            {
                "name": "ESDTTransferRole",
                "mode": "REPEATED",
                "type": "STRING",
                "description": "List of addresses with the role in question (see name of column)."
            },
            {
                "name": "ESDTRoleNFTCreateMultiShard",
                "mode": "REPEATED",
                "type": "STRING",
                "description": "List of addresses with the role in question (see name of column)."
            },
            {
                "name": "ESDTRoleLocalNFTCreate",
                "mode": "REPEATED",
                "type": "STRING",
                "description": "List of addresses with the role in question (see name of column)."
            },
            {
                "name": "ESDTRoleBurnForAll",
                "mode": "REPEATED",
                "type": "STRING",
                "description": "List of addresses with the role in question (see name of column)."
            },
            {
                "name": "ESDTRoleNFTUpdate",
                "mode": "REPEATED",
                "type": "STRING",
                "description": "List of addresses with the role in question (see name of column)."
            },
            {
                "name": "ESDTRoleNFTRecreate",
                "mode": "REPEATED",
                "type": "STRING",
                "description": "List of addresses with the role in question (see name of column)."
            },
            {
                "name": "ESDTRoleModifyRoyalties",
                "mode": "REPEATED",
                "type": "STRING",
                "description": "List of addresses with the role in question (see name of column)."
            },
            {
                "name": "ESDTRoleSetNewURI",
                "mode": "REPEATED",
                "type": "STRING",
                "description": "List of addresses with the role in question (see name of column)."
            },
            {
                "name": "ESDTRoleModifyCreator",
                "mode": "REPEATED",
                "type": "STRING",
                "description": "List of addresses with the role in question (see name of column)."
            }
        ],
        "type": "RECORD",
        "description": "A structure with information about the addresses that have certain roles for the token."
    },
    {
        "name": "ticker",
        "type": "STRING",
        "description": "The token's ticker (uppercase alphanumeric characters)."
    },
    {
        "name": "timestamp",
        "type": "TIMESTAMP",
        "description": "The timestamp of the block in which the token was created."
    },
    {
        "name": "token",
        "type": "STRING",
        "description": "The token field is composed of the `ticker` field and a random sequence generated when the token is created(e.g. `ABCD-012345`)."
    },
    {
        "name": "type",
        "type": "STRING",
        "description": "The type of the token. It can be `FungibleESDT`, `NonFungibleESDT`, `SemiFungibleESDT`, or `MetaESDT`."
    },
    {
        "name": "frozen",
        "type": "BOOLEAN",
        "description": ""
    },
    {
        "name": "paused",
        "type": "BOOLEAN",
        "description": "Whether the token is 'paused'."
    },
    {
        "name": "changedToDynamicTimestamp",
        "type": "TIMESTAMP",
        "description": "The timestamp of the block in which the token has been changed to dynamic."
    }
]
