{
    "gcp_project_id": "multiversx-blockchain-etl",
    "schema_folder": "./schema",
    "indexer_url": "https://testnet-index.multiversx.com:443",
    "genesis_timestamp": 1700900000,
    "append_only_indices": {
        "bq_dataset": "testnet_append_only_indices_staging",
        "bq_data_transfer_name": "",
        "indices": [
            "accountsesdthistory",
            "accountshistory",
            "blocks",
            "logs",
            "miniblocks",
            "operations",
            "receipts",
            "rounds",
            "scresults",
            "transactions"
        ],
        "time_partition_start": 1700900000,
        "time_partition_end": 2000000000,
        "interval_size_in_seconds": 86400,
        "num_intervals_in_bulk": 1,
        "num_threads": 4,
        "should_fail_on_counts_mismatch": true
    },
    "mutable_indices": {
        "bq_dataset": "testnet_mutable_indices_staging",
        "bq_data_transfer_name": "",
        "indices": [
            "accounts",
            "accountsesdt",
            "delegators",
            "epochinfo",
            "scdeploys",
            "tokens",
            "validators"
        ],
        "indices_without_timestamp": [
            "epochinfo",
            "validators"
        ],
        "time_partition_start": 0,
        "time_partition_end": 0,
        "interval_size_in_seconds": 7776000,
        "num_intervals_in_bulk": 65535,
        "num_threads": 8,
        "should_fail_on_counts_mismatch": false,
        "skip_counts_check_for_indices": [
            "epochinfo",
            "validators"
        ]
    }
}
