{
    "gcp_project_id": "multiversx-blockchain-etl",
    "schema_folder": "./schema",
    "indexer_url": "https://index.multiversx.com:443",
    "genesis_timestamp": 1596117600,
    "append_only_indices": {
        "bq_dataset": "mainnet_append_only_indices_staging",
        "bq_data_transfer_name": "projects/multiversx-blockchain-etl/locations/eu/transferConfigs/6503b4b2-0000-2c27-a437-f403045ceb22",
        "indices": [
            "accountsesdthistory",
            "accountshistory",
            "blocks",
            "logs",
            "miniblocks",
            "operations",
            "receipts",
            "rounds",
            "scresults",
            "transactions"
        ],
        "time_partition_start": 1596117600,
        "time_partition_end": 2000000000,
        "interval_size_in_seconds": 86400,
        "num_intervals_in_bulk": 1,
        "num_threads": 4,
        "should_fail_on_counts_mismatch": true,
        "counts_checks_errata": {
            "accountsesdthistory": -20,
            "accountshistory": 143,
            "blocks": -9,
            "logs": -12618,
            "miniblocks": -53193,
            "operations": 24,
            "receipts": 0,
            "rounds": 0,
            "scresults": -101,
            "transactions": -4
        }
    },
    "mutable_indices": {
        "bq_dataset": "mainnet_mutable_indices_staging",
        "bq_data_transfer_name": "projects/multiversx-blockchain-etl/locations/eu/transferConfigs/651a71b4-0000-29cd-8cea-94eb2c1b1b5a",
        "indices": [
            "accounts",
            "accountsesdt",
            "delegators",
            "epochinfo",
            "scdeploys",
            "tokens",
            "validators"
        ],
        "indices_without_timestamp": ["epochinfo", "validators"],
        "time_partition_start": 0,
        "time_partition_end": 0,
        "interval_size_in_seconds": 7776000,
        "num_intervals_in_bulk": 65535,
        "num_threads": 8,
        "should_fail_on_counts_mismatch": false,
        "skip_counts_check_for_indices": ["epochinfo", "validators"]
    }
}
